{"loss_a":8.852795600891113,"_wandb":{"runtime":38},"_runtime":38.600599176,"_timestamp":1.7346237918399076e+09,"lr":1.188118811881188e-05,"eval_loss":8.794755935668945,"_step":1,"eval_loss_b":8.779666900634766,"loss":8.826150894165039,"eval_loss_a":8.800673484802246,"loss_b":8.746747016906738,"iter":0}