{"mfu":-100,"_timestamp":1.7345811010090733e+09,"loss_b":NaN,"iter":950,"loss":1.0439798831939697,"_step":96,"_wandb":{"runtime":1304},"train/loss":8.725563049316406,"val/loss":8.721747398376465,"lr":5.94059405940594e-06,"_runtime":1293.435895977,"loss_a":1.0439798831939697}