{"_runtime":3.671371675,"_step":0,"loss_b":8.751352310180664,"iter":0,"lr":1.188118811881188e-05,"loss":8.796276092529297,"_timestamp":1.7346236807887456e+09,"loss_a":8.816024780273438,"_wandb":{"runtime":4}}