{"_timestamp":1.7346231921214635e+09,"lr":0.0005966968320912096,"iter":30030,"train/loss":0.6468257308006287,"_wandb":{"runtime":42074},"val/loss":0.8856874108314514,"loss":0.6610504388809204,"_step":3064,"loss_b":NaN,"mfu":8.729700183057485,"_runtime":42072.709249191,"loss_a":0.6610504388809204}